,city,Cloudiness,Country,Date,Humidity,Latitude,Longitude,Max Temperature,Wind Speed
0,mataura,88.0,NZ,1540655251,100.0,-46.19,168.86,42.51,3.2
1,barrow,20.0,AR,1540655251,77.0,-38.31,-60.23,70.59,10.25
2,hilo,90.0,US,1540652160,88.0,19.71,-155.08,73.4,6.93
3,ushuaia,75.0,AR,1540652400,81.0,-54.81,-68.31,50.0,25.28
4,saldanha,44.0,PT,1540655283,58.0,41.42,-6.55,50.39,14.05
5,ponta do sol,56.0,BR,1540655298,100.0,-20.63,-46.0,74.82,7.78
6,ribeira grande,40.0,PT,1540654200,60.0,38.52,-28.7,69.8,24.16
7,hobart,40.0,AU,1540654200,64.0,-42.88,147.33,42.8,8.05
8,lagoa,0.0,PT,1540654200,34.0,37.14,-8.45,68.0,19.46
9,jamestown,92.0,AU,1540655270,68.0,-33.21,138.6,56.55,2.75
10,albany,90.0,US,1540652820,86.0,42.65,-73.75,39.2,8.05
11,gondanglegi,44.0,ID,1540655437,89.0,-7.75,112.01,73.65,6.44
12,cockburn town,0.0,TC,1540655086,98.0,21.46,-71.14,83.01,10.8
13,hermanus,0.0,ZA,1540655250,28.0,-34.42,19.24,93.09,3.42
14,cordoba,8.0,CO,1540655437,57.0,5.59,-73.79,66.32,1.74
15,sao filipe,20.0,CV,1540655265,93.0,14.9,-24.5,80.22,13.27
16,port alfred,56.0,ZA,1540655271,79.0,-33.59,26.89,72.57,14.72
17,tank,0.0,PK,1540655437,71.0,32.22,70.39,62.22,2.53
18,cidreira,88.0,BR,1540655344,95.0,-30.17,-50.22,65.64,26.57
19,sur,56.0,OM,1540655337,88.0,22.57,59.53,83.96,14.5
20,mar del plata,0.0,AR,1540655286,46.0,-46.43,-67.52,65.51,14.05
21,katsuura,32.0,JP,1540655438,95.0,33.93,134.5,55.52,8.46
22,vaini,0.0,IN,1540655281,33.0,15.34,74.49,78.56,6.33
23,sailana,0.0,IN,1540655439,38.0,23.46,74.92,74.64,7.11
24,kizema,88.0,RU,1540655439,79.0,61.11,44.83,33.47,15.39
25,saskylakh,36.0,RU,1540655309,81.0,71.97,114.09,11.87,18.19
26,gorontalo,36.0,ID,1540655439,75.0,0.54,123.06,77.97,0.96
27,weihai,76.0,CN,1540655439,100.0,37.5,122.11,60.6,26.69
28,georgetown,75.0,GY,1540652400,62.0,6.8,-58.16,89.6,13.87
29,ternate,40.0,PH,1540652400,69.0,14.29,120.72,82.4,3.36
30,poum,0.0,MK,1540655327,44.0,41.28,20.71,62.36,2.42
31,bluefields,75.0,NI,1540652400,88.0,12.01,-83.77,82.4,4.7
32,okhotsk,48.0,RU,1540655440,100.0,59.36,143.24,24.69,3.53
33,jiaxing,0.0,CN,1540652400,76.0,30.76,120.75,53.6,1.97
34,hirara,0.0,JP,1540655441,100.0,24.8,125.28,74.55,27.25
35,busselton,0.0,AU,1540655254,100.0,-33.64,115.35,61.46,16.84
36,thompson,90.0,CA,1540654380,92.0,55.74,-97.86,30.2,4.7
37,coquimbo,0.0,CL,1540652400,63.0,-29.95,-71.34,64.4,12.75
38,kodiak,1.0,US,1540651980,87.0,39.95,-94.76,50.0,3.36
39,rikitea,48.0,PF,1540655251,100.0,-23.12,-134.97,72.84,12.82
40,hofn,24.0,IS,1540655253,100.0,64.25,-15.21,35.13,3.76
41,puerto ayora,20.0,EC,1540652400,69.0,-0.74,-90.35,75.2,17.22
42,fort nelson,75.0,CA,1540652400,60.0,58.81,-122.69,42.8,11.41
43,constitucion,5.0,MX,1540651740,76.0,23.99,-104.67,55.4,5.82
44,zaria,24.0,NG,1540655315,58.0,11.11,7.72,88.32,6.67
45,lebu,0.0,ET,1540655295,34.0,8.96,38.73,66.27,10.69
46,campos novos,0.0,BR,1540655443,81.0,-27.4,-51.22,65.96,16.96
47,ariquemes,20.0,BR,1540655443,66.0,-9.91,-63.03,90.39,2.98
48,chimbote,32.0,PE,1540655443,77.0,-9.08,-78.59,65.82,5.66
49,esperance,40.0,TT,1540652400,55.0,10.24,-61.45,87.8,11.41
50,leningradskiy,0.0,RU,1540655297,100.0,69.38,178.42,15.96,3.98
51,cape town,0.0,ZA,1540652400,38.0,-33.93,18.42,89.6,6.93
52,punta arenas,75.0,CL,1540652400,61.0,-53.16,-70.91,50.0,26.4
53,provideniya,0.0,RU,1540655298,100.0,64.42,-173.23,25.37,14.05
54,ulladulla,90.0,AU,1540652400,82.0,-35.36,150.48,60.8,5.82
55,victoria,90.0,BN,1540652400,88.0,5.28,115.24,80.6,3.76
56,guru har sahai,0.0,IN,1540655445,74.0,30.72,74.42,71.58,3.76
57,jingdezhen,0.0,CN,1540655445,76.0,29.29,117.2,46.29,3.2
58,laguna,5.0,MX,1540651560,73.0,27.52,-110.01,71.6,2.3
59,la ronge,90.0,CA,1540654500,97.0,55.1,-105.3,32.0,2.24
60,kapaa,90.0,US,1540652160,83.0,22.08,-159.32,77.0,13.87
61,sechura,8.0,PE,1540655305,86.0,-5.56,-80.82,67.76,10.69
62,sapele,68.0,NG,1540655446,81.0,5.89,5.68,84.86,1.63
63,adrar,0.0,DZ,1540652400,32.0,27.87,-0.29,82.4,5.82
64,kundla,0.0,IN,1540655446,34.0,21.34,71.31,81.71,7.34
65,nanortalik,76.0,GL,1540655290,90.0,60.14,-45.24,37.29,15.28
66,whitehorse,20.0,CA,1540652400,80.0,60.72,-135.06,33.8,8.05
67,rawson,0.0,AR,1540655296,48.0,-43.3,-65.11,71.85,13.71
68,meulaboh,56.0,ID,1540655277,100.0,4.14,96.13,76.67,0.74
69,saint-philippe,90.0,CA,1540653300,59.0,45.36,-73.48,41.0,12.75
70,tegal,24.0,ID,1540655447,100.0,-6.87,109.14,82.2,10.8
71,chokurdakh,88.0,RU,1540655297,85.0,70.62,147.9,7.37,2.98
72,giyani,0.0,ZA,1540655448,27.0,-23.32,30.73,85.04,11.03
73,kaoma,92.0,ZM,1540655338,16.0,-14.8,24.8,88.86,11.81
74,mungaoli,0.0,IN,1540655448,38.0,24.41,78.09,70.86,6.67
75,port-gentil,75.0,GA,1540652400,78.0,-0.72,8.78,82.4,11.41
76,itaituba,40.0,BR,1540652400,59.0,-4.26,-55.99,93.2,11.41
77,usinsk,88.0,RU,1540655449,96.0,66.0,57.56,29.28,8.68
78,markovo,0.0,BG,1540654200,49.0,43.2,27.23,68.0,3.36
79,tiksi,0.0,RU,1540655273,77.0,71.64,128.87,9.12,13.49
80,ilebo,20.0,CD,1540655450,45.0,-4.33,20.59,90.71,1.41
81,berlevag,88.0,NO,1540655321,100.0,70.86,29.09,32.34,15.84
82,pastavy,76.0,BY,1540655450,96.0,55.11,26.84,45.84,15.84
83,luderitz,0.0,NA,1540652400,31.0,-26.65,15.16,87.8,3.36
84,jalesar,0.0,IN,1540655451,50.0,27.47,78.3,74.37,6.44
85,satipo,56.0,PE,1540655451,87.0,-11.26,-74.64,71.54,2.3
86,tasiilaq,92.0,GL,1540651800,100.0,65.61,-37.64,30.2,49.44
87,labuhan,8.0,ID,1540655346,97.0,-2.54,115.51,72.57,1.86
88,yulara,75.0,AU,1540652400,82.0,-25.24,130.99,66.2,9.17
89,arlit,24.0,NE,1540655451,20.0,18.74,7.39,99.17,11.03
90,alofi,92.0,NU,1540652400,94.0,-19.06,-169.92,73.4,4.7
91,east london,40.0,ZA,1540652400,73.0,-33.02,27.91,71.6,13.87
92,unhel,20.0,IN,1540655452,41.0,23.33,75.57,74.51,7.23
93,fortuna,75.0,ES,1540654200,77.0,38.18,-1.13,71.6,16.11
94,mahebourg,20.0,MU,1540652400,73.0,-20.41,57.7,73.4,2.24
95,lazarev,88.0,RU,1540655453,90.0,52.23,141.51,45.12,24.56
96,torbay,40.0,CA,1540652400,45.0,47.66,-52.73,44.6,24.16
97,churapcha,8.0,RU,1540655453,77.0,62.0,132.43,7.19,3.65
98,kuching,75.0,MY,1540654200,94.0,1.56,110.34,78.8,5.66
99,xinzhou,0.0,CN,1540655454,49.0,38.41,112.73,40.89,8.79
100,carrollton,90.0,US,1540654500,81.0,33.58,-85.08,57.2,10.29
101,yar-sale,88.0,RU,1540655361,95.0,66.83,70.83,32.97,31.83
102,jawhar,68.0,IN,1540655391,33.0,19.91,73.23,84.59,5.99
103,yenagoa,8.0,NG,1540655455,100.0,4.92,6.26,82.2,4.21
104,castro,80.0,CL,1540655260,94.0,-42.48,-73.76,55.07,3.65
105,morros,75.0,BR,1540652400,55.0,-2.87,-44.04,89.6,14.99
106,pangnirtung,90.0,CA,1540652400,93.0,66.15,-65.72,32.0,13.87
107,mikkeli,75.0,FI,1540653600,100.0,61.69,27.27,32.0,5.82
108,juneau,90.0,US,1540652160,93.0,58.3,-134.42,44.6,14.99
109,upernavik,92.0,GL,1540655254,100.0,72.79,-56.15,21.9,17.52
110,kondoros,0.0,HU,1540653300,43.0,46.76,20.8,71.6,6.93
111,petrolina de goias,40.0,BR,1540652400,51.0,-16.09,-49.34,87.8,5.82
112,tagusao,0.0,PH,1540655456,95.0,9.19,117.81,79.32,3.42
113,kargasok,68.0,RU,1540655457,56.0,59.06,80.87,51.6,9.8
114,gulu,24.0,UG,1540655457,84.0,2.77,32.3,76.22,3.09
115,hailin,80.0,CN,1540655457,66.0,44.57,129.38,30.81,9.01
116,yellowknife,75.0,CA,1540654440,100.0,62.45,-114.38,28.4,9.17
117,lazaro cardenas,5.0,MX,1540651200,76.0,28.39,-105.62,53.6,2.75
118,iracoubo,48.0,GF,1540655458,78.0,5.48,-53.21,83.69,4.09
119,new norfolk,40.0,AU,1540654200,76.0,-42.78,147.06,42.8,8.05
120,butaritari,24.0,KI,1540655264,100.0,3.07,172.79,85.49,11.59
121,agirish,12.0,RU,1540655458,61.0,61.92,63.02,33.51,8.79
122,norman wells,90.0,CA,1540652400,100.0,65.28,-126.83,23.0,4.7
123,arraial do cabo,40.0,BR,1540652400,79.0,-22.97,-42.02,87.8,5.82
124,ondjiva,64.0,AO,1540655459,56.0,-17.07,15.73,79.32,8.46
125,pouembout,36.0,NC,1540655459,86.0,-21.12,164.9,61.05,0.96
126,bluff,0.0,AU,1540655252,52.0,-23.58,149.07,73.07,8.79
127,inverell,8.0,AU,1540655459,71.0,-29.78,151.11,50.12,3.98
128,toamasina,20.0,MG,1540652400,73.0,-18.17,49.38,73.4,5.82
129,lukh,44.0,AF,1540655460,81.0,36.76,68.87,58.49,1.97
130,tuktoyaktuk,90.0,CA,1540652400,92.0,69.44,-133.03,26.6,8.05
131,pemba,40.0,MZ,1540652400,83.0,-12.97,40.52,77.0,10.29
132,mitsamiouli,40.0,KM,1540652400,74.0,-11.38,43.28,80.6,11.41
133,port elizabeth,90.0,US,1540654800,100.0,39.31,-74.98,60.8,19.46
134,atuona,36.0,PF,1540655261,99.0,-9.8,-139.03,80.49,16.4
135,sitka,0.0,US,1540655281,50.0,37.17,-99.65,53.67,5.44
136,waipawa,88.0,NZ,1540655461,85.0,-39.94,176.59,54.93,3.76
137,polyarnyy,20.0,RU,1540652400,92.0,69.2,33.45,24.8,4.47
138,clyde river,90.0,CA,1540652400,92.0,70.47,-68.59,15.8,23.04
139,babu,92.0,CN,1540655462,91.0,23.23,104.89,61.86,2.64
140,pacific grove,1.0,US,1540654500,62.0,36.62,-121.92,53.6,3.2
141,baykit,0.0,RU,1540655321,77.0,61.68,96.39,36.17,9.24
142,prieska,0.0,ZA,1540655462,7.0,-29.67,22.74,97.68,3.98
143,avera,90.0,US,1540654500,77.0,33.19,-82.53,60.8,16.11
144,ancud,92.0,CL,1540655275,95.0,-41.87,-73.83,54.84,4.99
145,bosaso,12.0,SO,1540655463,100.0,11.28,49.18,78.69,8.46
146,laerdalsoyri,0.0,NO,1540655463,100.0,61.1,7.48,27.71,1.63
147,roma,75.0,IT,1540653600,77.0,41.89,12.48,71.6,16.11
148,humaita,75.0,AR,1540652400,72.0,-24.93,-65.37,66.2,9.17
149,nabire,64.0,ID,1540655339,91.0,-3.36,135.5,69.42,1.74
150,avarua,90.0,CK,1540652400,88.0,-21.21,-159.78,73.4,5.82
151,cullman,80.0,US,1540654500,76.0,34.17,-86.84,55.4,10.29
152,nhulunbuy,32.0,AU,1540654200,78.0,-12.18,136.78,75.2,6.78
153,cabedelo,40.0,BR,1540652400,51.0,-6.97,-34.84,86.0,11.41
154,road town,40.0,VG,1540652400,66.0,18.42,-64.62,86.0,6.93
155,hithadhoo,88.0,MV,1540655259,100.0,-0.6,73.08,81.93,14.61
156,mayahi,24.0,NE,1540655465,44.0,13.95,7.67,95.34,5.77
157,jizan,20.0,SA,1540652400,66.0,16.89,42.56,89.6,8.05
158,cherskiy,0.0,RU,1540655104,59.0,68.75,161.3,-12.3,1.97
159,cayenne,75.0,GF,1540652400,62.0,4.94,-52.33,89.6,8.05
160,isangel,0.0,VU,1540655303,100.0,-19.55,169.27,74.69,3.2
161,ondangwa,8.0,NA,1540652400,21.0,-17.91,15.98,91.4,10.29
162,gat,0.0,SN,1540652400,44.0,14.69,-16.54,96.8,2.24
163,soloneshnoye,0.0,RU,1540655467,70.0,51.65,84.32,25.46,2.19
164,guerrero negro,0.0,MX,1540655259,71.0,27.97,-114.04,64.11,3.76
165,paamiut,92.0,GL,1540655381,100.0,61.99,-49.67,37.38,35.86
166,husavik,92.0,CA,1540655252,100.0,50.56,-96.99,40.8,6.67
167,timra,68.0,SE,1540653600,64.0,62.49,17.33,35.6,14.99
168,airai,0.0,TL,1540655262,86.0,-8.93,125.41,65.46,1.19
169,port hedland,0.0,AU,1540654200,78.0,-20.31,118.58,73.4,11.03
170,lagos,40.0,NG,1540652400,74.0,6.46,3.39,86.0,6.93
171,dikson,92.0,RU,1540655264,100.0,73.51,80.55,24.02,35.75
172,altay,0.0,CN,1540655469,54.0,47.83,88.13,14.66,2.19
173,puerto carreno,40.0,CO,1540652400,66.0,6.19,-67.49,87.8,4.7
174,basar,0.0,IN,1540655469,58.0,27.98,94.69,60.42,2.42
175,jiwani,20.0,PK,1540655469,80.0,25.05,61.74,79.01,6.11
176,san cristobal,75.0,EC,1540652400,72.0,-0.39,-78.55,59.0,11.41
177,los llanos de aridane,40.0,ES,1540654200,78.0,28.66,-17.92,71.6,8.05
178,altea,75.0,ES,1540654200,77.0,38.6,-0.05,66.2,16.11
179,havelock,90.0,US,1540652700,93.0,34.88,-76.9,55.4,16.11
180,rio gallegos,20.0,AR,1540652400,25.0,-51.62,-69.22,60.8,35.57
181,requena,75.0,ES,1540654200,77.0,39.49,-1.1,62.6,5.82
182,port blair,8.0,IN,1540655280,100.0,11.67,92.75,84.36,11.48
183,college,90.0,US,1540654260,100.0,64.86,-147.8,30.2,4.7
184,tessalit,0.0,ML,1540655322,20.0,20.2,1.01,88.37,5.77
185,burgersdorp,80.0,ZA,1540655471,18.0,-30.99,26.32,83.06,3.87
186,richards bay,20.0,ZA,1540655343,72.0,-28.77,32.06,75.54,6.11
187,omboue,76.0,GA,1540655320,100.0,-1.57,9.26,79.01,7.23
188,heihe,75.0,RU,1540652400,86.0,50.24,127.51,28.4,11.18
189,muros,40.0,ES,1540654200,75.0,42.77,-9.06,46.4,10.29
190,san patricio,0.0,PY,1540655288,73.0,-26.98,-56.83,72.62,7.45
191,cairns,0.0,AU,1540654200,88.0,-16.92,145.77,68.0,4.7
192,chenzhou,0.0,CN,1540655472,93.0,25.81,113.03,50.7,2.64
193,mananjary,92.0,MG,1540655473,30.0,-19.16,46.8,75.99,8.12
194,bogotol,0.0,RU,1540655473,77.0,56.21,89.53,26.99,3.31
195,shieli,64.0,KZ,1540655473,37.0,44.18,66.74,69.69,10.25
196,popova,20.0,RS,1540654200,37.0,43.33,21.27,71.6,5.82
197,farafangana,8.0,MG,1540655474,95.0,-22.82,47.83,73.38,11.25
198,resistencia,0.0,AR,1540652400,50.0,-27.45,-58.99,78.8,10.29
199,flinders,90.0,AU,1540652400,82.0,-34.58,150.85,60.8,5.82
200,la romana,40.0,DO,1540652400,78.0,18.43,-68.97,84.2,6.93
201,pisco,90.0,PE,1540652400,82.0,-13.71,-76.2,66.2,8.05
202,komsomolskiy,92.0,RU,1540655475,92.0,67.55,63.78,25.91,18.52
203,namibe,0.0,AO,1540655252,84.0,-15.19,12.15,79.86,15.84
204,san carlos,0.0,VE,1540655475,62.0,9.66,-68.59,89.4,10.69
205,vila velha,40.0,BR,1540652400,55.0,-3.71,-38.6,86.0,17.22
206,bandarbeyla,0.0,SO,1540655332,100.0,9.49,50.81,77.57,7.67
207,hay river,20.0,CA,1540652400,85.0,60.82,-115.79,23.0,4.7
208,riyadh,76.0,SA,1540652400,51.0,24.63,46.72,84.2,20.8
209,thasra,64.0,IN,1540654200,51.0,22.8,73.21,80.6,3.36
210,lebanon,90.0,US,1540653960,100.0,43.64,-72.25,39.2,4.7
211,kamaishi,0.0,JP,1540655477,90.0,39.28,141.86,52.95,7.11
212,venado tuerto,32.0,AR,1540655253,86.0,-33.75,-61.97,72.17,8.23
213,viedma,0.0,AR,1540655477,55.0,-40.81,-62.99,72.44,13.49
214,khani,75.0,GE,1540652400,93.0,41.96,42.96,50.0,4.7
215,general artigas,40.0,PY,1540652400,47.0,-26.93,-56.22,75.2,14.99
216,dandong,48.0,CN,1540655478,80.0,40.12,124.37,31.76,2.75
217,khatanga,92.0,RU,1540655262,85.0,71.98,102.47,22.62,18.75
218,sao joao da barra,75.0,BR,1540652400,83.0,-21.64,-41.05,78.8,6.93
219,te anau,80.0,NZ,1540655332,100.0,-45.41,167.72,39.45,2.19
220,taoudenni,0.0,ML,1540655479,21.0,22.68,-3.98,89.67,5.21
221,ilulissat,75.0,GL,1540651800,44.0,69.22,-51.1,37.4,18.34
222,marawi,8.0,PH,1540655343,95.0,8.0,124.29,63.71,2.42
223,parabel,76.0,RU,1540655479,56.0,58.71,81.5,49.67,11.48
224,gamba,0.0,CN,1540655479,68.0,28.28,88.52,1.2,2.42
225,nimbahera,20.0,IN,1540655480,40.0,24.63,74.69,75.45,4.88
226,bethel,1.0,US,1540651980,86.0,60.79,-161.76,28.4,19.46
227,filingue,32.0,NE,1540655304,37.0,14.35,3.32,97.37,8.9
228,soyo,76.0,AO,1540655480,74.0,-6.13,12.37,85.08,7.67
229,kavieng,44.0,PG,1540655278,100.0,-2.57,150.8,81.17,3.87
230,bara,12.0,NG,1540655308,36.0,10.41,10.6,95.79,4.21
231,grand gaube,20.0,MU,1540652400,73.0,-20.01,57.66,73.4,2.24
232,comodoro rivadavia,20.0,AR,1540652400,35.0,-45.87,-67.48,71.6,14.99
233,souillac,75.0,FR,1540654200,53.0,45.6,-0.6,51.8,6.93
234,kudat,75.0,MY,1540652400,94.0,6.89,116.84,77.0,2.24
235,sao gabriel da cachoeira,20.0,BR,1540652400,79.0,-0.13,-67.09,84.2,3.36
236,kormend,88.0,HU,1540653300,87.0,47.01,16.61,51.8,11.41
237,nassjo,88.0,SE,1540653600,86.0,57.65,14.7,33.8,13.87
238,sijunjung,32.0,ID,1540655482,97.0,-0.69,100.95,70.5,2.3
239,egvekinot,0.0,RU,1540655331,67.0,66.32,-179.17,-9.78,2.08
240,iida,0.0,JP,1540655483,81.0,35.45,137.9,29.87,1.74
241,nikolskoye,75.0,RU,1540652400,96.0,59.7,30.79,35.6,17.9
242,kiama,90.0,AU,1540652400,82.0,-34.67,150.86,60.8,5.82
243,hornepayne,48.0,CA,1540655484,88.0,49.22,-84.78,31.26,3.76
244,zyryanka,88.0,RU,1540655299,76.0,65.73,150.89,7.64,5.1
245,nouadhibou,36.0,MR,1540655484,57.0,20.93,-17.03,79.64,10.47
246,trairi,0.0,BR,1540655484,99.0,-3.28,-39.27,80.81,21.32
247,nishihara,20.0,JP,1540652400,67.0,35.74,139.53,66.2,5.82
248,hamilton,75.0,BM,1540652100,65.0,32.3,-64.78,77.0,23.04
249,heanor,40.0,GB,1540653600,75.0,53.01,-1.36,41.0,17.22
250,kahului,1.0,US,1540652160,83.0,20.89,-156.47,77.0,11.41
251,amahai,12.0,ID,1540655485,100.0,-3.31,129.0,83.1,7.0
252,bilibino,80.0,RU,1540655341,66.0,68.06,166.44,-5.28,2.42
253,mandapam,64.0,IN,1540655354,98.0,9.28,79.12,84.36,17.85
254,pineville,1.0,US,1540653300,82.0,31.32,-92.43,64.4,4.21
255,la cruz,0.0,MX,1540655486,63.0,23.92,-106.89,76.49,3.42
256,lavrentiya,0.0,RU,1540655266,100.0,65.58,-170.99,29.51,27.25
257,vestmannaeyjar,40.0,IS,1540651680,69.0,63.44,-20.27,37.4,13.87
258,codrington,0.0,AU,1540655368,93.0,-28.95,153.24,59.34,2.98
259,bagdarin,56.0,RU,1540655487,66.0,54.44,113.59,15.02,3.87
260,lavumisa,0.0,ZA,1540655487,39.0,-27.31,31.88,85.17,5.88
261,lifford,20.0,IE,1540653600,65.0,54.83,-7.48,44.6,20.8
262,aksha,92.0,RU,1540655488,84.0,50.28,113.29,29.96,9.8
263,kurilsk,92.0,RU,1540655488,97.0,45.23,147.88,53.76,27.25
264,abu samrah,0.0,SY,1540655488,41.0,35.3,37.18,56.24,3.98
265,vung tau,20.0,VN,1540654200,79.0,10.35,107.08,84.2,3.36
266,tabunok,90.0,PH,1540652400,83.0,10.78,124.02,78.8,4.7
267,sucua,8.0,EC,1540655489,81.0,-2.46,-78.17,75.86,5.66
268,longyearbyen,75.0,NO,1540651800,72.0,78.22,15.63,17.6,9.17
269,lengshuijiang,0.0,CN,1540655489,85.0,27.66,111.45,49.31,2.3
270,ovalle,0.0,CL,1540655466,90.0,-30.6,-71.2,66.18,4.21
271,tamale,0.0,GH,1540655490,47.0,9.4,-0.84,96.11,4.43
272,lasa,75.0,CY,1540654200,52.0,34.92,32.53,71.6,1.12
273,porto novo,75.0,BR,1540652400,61.0,-23.68,-45.44,80.6,17.22
274,warwick,90.0,US,1540653960,93.0,41.7,-71.42,51.8,20.8
275,manyana,90.0,AU,1540652400,82.0,-35.26,150.51,60.8,5.82
276,sorland,92.0,NO,1540655491,100.0,67.67,12.69,42.02,22.1
277,porto franco,12.0,BR,1540655492,73.0,-6.34,-47.4,90.75,6.55
278,costa rica,5.0,MX,1540651200,88.0,24.59,-107.39,75.2,9.17
279,neyshabur,68.0,IR,1540655492,47.0,36.21,58.79,62.27,6.67
280,caravelas,64.0,BR,1540655492,97.0,-17.73,-39.27,78.92,27.81
281,wajid,76.0,SO,1540655493,95.0,3.81,43.25,72.48,4.99
282,dumai,20.0,ID,1540655493,94.0,1.68,101.45,78.24,3.09
283,kieta,88.0,PG,1540655307,99.0,-6.22,155.63,79.01,2.98
284,opunake,68.0,NZ,1540655493,100.0,-39.45,173.86,54.93,7.9
285,turbat,0.0,PK,1540655494,44.0,26.0,63.05,77.88,5.44
286,tuzha,44.0,CN,1540655494,61.0,28.58,109.69,54.12,2.42
287,songea,48.0,TZ,1540655494,44.0,-10.68,35.65,79.77,5.99
288,port lincoln,88.0,AU,1540655044,98.0,-34.72,135.86,57.77,6.89
289,carnarvon,0.0,ZA,1540655377,7.0,-30.97,22.13,92.91,4.43
290,newport,80.0,GB,1540653600,100.0,51.59,-3.0,44.6,17.22
291,salamiyah,0.0,SY,1540655495,89.0,35.01,37.05,48.77,2.75
292,champerico,75.0,MX,1540651320,78.0,16.38,-93.6,77.0,2.98
293,sainte-marie,40.0,CA,1540652400,62.0,46.45,-71.03,33.8,17.22
294,mount pleasant,1.0,US,1540653300,82.0,33.16,-94.97,66.2,8.01
295,dejen,0.0,ET,1540655496,25.0,10.16,38.15,74.37,1.74
296,coaldale,20.0,CA,1540652400,74.0,49.73,-112.62,37.4,13.87
297,faanui,92.0,PF,1540655312,100.0,-16.48,-151.75,77.16,8.46
298,sainthia,36.0,IN,1540655497,63.0,23.95,87.68,75.18,5.44
299,whitianga,92.0,NZ,1540655497,100.0,-36.83,175.7,61.32,24.34
300,lompoc,1.0,US,1540654500,62.0,34.64,-120.46,57.2,2.19
301,monrovia,75.0,LR,1540654200,74.0,6.33,-10.8,87.8,10.29
302,bredasdorp,20.0,ZA,1540652400,69.0,-34.53,20.04,73.4,18.34
303,khandyga,12.0,RU,1540655498,93.0,62.65,135.58,7.01,4.76
304,ginir,12.0,ET,1540655498,84.0,7.14,40.71,65.28,2.64
305,sioux lookout,90.0,CA,1540652400,93.0,50.1,-91.92,41.0,8.05
306,phalaborwa,0.0,ZA,1540652400,17.0,-23.95,31.14,91.4,11.41
307,najran,8.0,SA,1540655499,22.0,17.54,44.22,77.39,6.67
308,vorotynets,0.0,RU,1540655499,81.0,56.06,45.86,33.96,8.79
309,bambous virieux,20.0,MU,1540652400,73.0,-20.34,57.76,73.4,2.24
310,amapa,40.0,HN,1540652400,70.0,15.09,-87.97,84.2,6.93
311,santiago,75.0,CL,1540652400,40.0,-33.44,-70.65,71.6,3.36
312,coffs harbour,0.0,AU,1540654200,77.0,-30.3,153.13,68.0,6.93
313,oranjemund,12.0,ZA,1540655324,87.0,-28.55,16.43,65.19,14.05
314,taltal,0.0,CL,1540655500,77.0,-25.41,-70.49,68.84,2.98
315,charters towers,0.0,AU,1540655500,72.0,-20.07,146.27,68.39,3.65
316,kawalu,80.0,ID,1540655501,98.0,-7.38,108.21,68.21,1.07
317,wanaka,76.0,NZ,1540655501,84.0,-44.7,169.14,35.94,1.97
318,lewisville,20.0,US,1540653300,77.0,33.05,-96.99,66.2,4.65
319,saint-georges,68.0,CA,1540655502,62.0,46.12,-70.67,33.29,4.76
320,manhattan,1.0,US,1540652160,93.0,39.18,-96.57,48.2,3.36
321,brownsville,1.0,US,1540651980,83.0,25.91,-97.49,73.4,4.7
322,padang,36.0,ID,1540655505,100.0,-0.92,100.36,80.58,2.64
323,itarema,0.0,BR,1540655148,56.0,-2.92,-39.92,90.89,18.3
324,sept-iles,20.0,CA,1540652400,36.0,50.2,-66.38,28.4,8.05
325,grindavik,90.0,IS,1540652400,80.0,63.84,-22.43,37.4,17.22
326,saint-joseph,92.0,FR,1540654200,87.0,43.56,6.97,62.6,2.19
327,jutai,0.0,BR,1540655506,65.0,-1.71,-47.89,89.67,5.32
328,rundu,76.0,NA,1540655506,17.0,-17.91,19.77,90.84,10.25
329,ekhabi,92.0,RU,1540655507,80.0,53.51,142.97,44.76,27.81
330,loreto,20.0,PY,1540655507,93.0,-23.27,-57.32,75.32,11.92
331,iqaluit,90.0,CA,1540652400,85.0,63.75,-68.52,23.0,23.04
332,pevek,0.0,RU,1540655320,100.0,69.7,170.27,3.41,5.66
333,camalu,0.0,MX,1540655508,72.0,30.85,-116.07,56.87,1.74
334,tandalti,24.0,SD,1540655508,22.0,13.01,31.87,97.95,12.59
335,talnakh,92.0,RU,1540655275,91.0,69.49,88.39,36.75,21.77
336,bracebridge,90.0,CA,1540652400,51.0,45.04,-79.31,37.4,6.93
337,ust-tsilma,88.0,RU,1540655509,91.0,65.44,52.15,32.07,7.23
338,xuddur,92.0,SO,1540655356,98.0,4.12,43.89,71.54,4.09
339,juxtlahuaca,88.0,MX,1540655509,96.0,17.43,-99.15,64.11,2.19
340,roald,75.0,NO,1540653600,100.0,62.58,6.12,33.8,9.17
341,puerto quijarro,90.0,BO,1540652400,94.0,-19.0,-57.72,77.0,17.22
342,puerto baquerizo moreno,75.0,EC,1540652400,65.0,-0.9,-89.6,77.0,17.22
343,wainwright,0.0,CA,1540655513,57.0,52.84,-110.86,35.09,10.58
344,naze,75.0,NG,1540652400,55.0,5.43,7.07,91.4,6.93
345,russell,20.0,AR,1540652400,56.0,-33.01,-68.8,71.6,8.05
346,shitanjing,0.0,CN,1540655514,55.0,39.23,106.34,25.77,2.75
347,bilma,0.0,NE,1540655514,13.0,18.69,12.92,99.89,6.78
348,huaicheng,0.0,CN,1540655514,86.0,23.91,112.19,59.12,2.42
349,bembereke,24.0,BJ,1540655514,59.0,10.23,2.66,91.56,7.56
350,acari,0.0,BR,1540655514,37.0,-6.44,-36.64,91.56,10.58
351,cururupu,0.0,BR,1540655515,57.0,-1.82,-44.87,90.89,11.48
352,manokwari,20.0,ID,1540655515,99.0,-0.87,134.08,83.28,4.65
353,ahuimanu,75.0,US,1540653360,94.0,21.44,-157.84,78.8,10.25
354,salalah,75.0,OM,1540651800,83.0,17.01,54.1,80.6,4.7
355,tezu,0.0,IN,1540655516,55.0,27.93,96.16,61.46,2.19
356,emerald,0.0,AU,1540655516,48.0,-23.53,148.16,73.52,3.76
357,tura,0.0,IN,1540655309,90.0,25.52,90.21,70.14,2.08
358,harrisonville,1.0,US,1540653300,81.0,38.65,-94.35,53.6,5.1
359,mahajanga,0.0,MG,1540652400,83.0,-15.72,46.32,80.6,11.41
360,kyshtovka,92.0,RU,1540655519,63.0,56.56,76.62,49.17,16.51
361,mpika,0.0,ZM,1540655520,27.0,-11.84,31.4,82.38,12.03
362,ginda,0.0,IN,1540655520,82.0,30.69,78.49,42.51,2.64
363,saint-augustin,20.0,FR,1540654200,50.0,44.83,-0.61,55.4,8.05
364,mandalgovi,0.0,MN,1540655520,65.0,45.76,106.27,30.0,11.25
365,preobrazheniye,0.0,RU,1540655520,66.0,42.9,133.91,31.67,4.76
366,nisporeni,0.0,MD,1540654200,37.0,47.07,28.18,66.2,8.05
367,severo-kurilsk,20.0,RU,1540655249,100.0,50.68,156.12,36.3,3.09
368,ewa beach,75.0,US,1540653360,94.0,21.32,-158.01,78.8,10.25
369,dingle,24.0,PH,1540655307,86.0,11.0,122.67,76.94,8.12
370,chegutu,8.0,ZW,1540655521,17.0,-18.13,30.15,86.7,11.92
371,jinxiang,0.0,CN,1540655522,47.0,35.07,116.31,45.12,7.78
372,kampene,56.0,CD,1540655522,52.0,-3.59,26.67,85.8,2.75
373,luau,0.0,CD,1540655522,22.0,-10.7,22.23,92.19,5.44
374,aswan,0.0,EG,1540655152,31.0,24.09,32.9,84.63,5.99
375,hualmay,12.0,PE,1540655523,72.0,-11.1,-77.61,67.44,3.76
376,tabou,8.0,CI,1540655351,100.0,4.42,-7.36,82.11,9.46
377,vuktyl,88.0,RU,1540655523,90.0,63.86,57.31,30.45,4.76
378,whittlesea,75.0,AU,1540654200,57.0,-37.51,145.12,51.8,11.41
379,selenduma,8.0,RU,1540655523,69.0,50.92,106.24,34.59,7.78
380,kaitangata,80.0,NZ,1540655313,99.0,-46.28,169.85,45.57,2.64
381,klaksvik,56.0,FO,1540653600,70.0,62.23,-6.59,42.8,13.87
382,bang saphan,0.0,TH,1540655524,90.0,11.21,99.51,79.95,2.98
383,margate,40.0,AU,1540654200,92.0,-43.03,147.26,42.8,8.05
384,saravan,20.0,AM,1540652400,57.0,39.72,45.65,51.8,2.24
385,grants pass,90.0,US,1540652820,100.0,42.44,-123.33,53.6,9.17
386,geraldton,90.0,CA,1540652400,86.0,49.72,-86.95,33.8,8.05
387,nome,1.0,US,1540653300,68.0,30.04,-94.42,68.0,4.32
388,erzin,0.0,TR,1540653600,37.0,36.95,36.2,66.2,3.36
389,zhezkazgan,68.0,KZ,1540655525,44.0,47.8,67.71,56.37,10.47
390,eilenburg,90.0,DE,1540653600,61.0,51.46,12.63,48.2,10.29
391,sobolevo,92.0,RU,1540655526,96.0,54.43,31.9,42.78,17.74
392,naliya,0.0,IN,1540655526,37.0,23.26,68.83,82.74,7.34
393,portland,90.0,US,1540653600,100.0,45.52,-122.67,55.4,5.82
394,matane,20.0,CA,1540652400,54.0,48.83,-67.52,30.2,4.7
395,ixtapa,20.0,MX,1540655527,85.0,20.71,-105.21,71.94,2.75
396,avola,20.0,IT,1540653600,50.0,36.91,15.13,82.4,6.93
397,shrewsbury,40.0,GB,1540653600,56.0,52.71,-2.75,44.6,10.29
398,haines junction,0.0,CA,1540655306,95.0,60.75,-137.51,18.39,2.98
399,natchitoches,1.0,US,1540653300,77.0,31.76,-93.09,64.4,4.21
400,beba,40.0,CU,1540651800,66.0,22.44,-79.73,84.2,3.36
401,rio grande,75.0,BR,1540652400,56.0,-32.03,-52.1,73.4,14.99
402,maniitsoq,92.0,GL,1540655528,93.0,65.42,-52.9,37.07,23.44
403,pocoes,75.0,BR,1540652400,64.0,-14.53,-40.37,75.2,9.17
404,port macquarie,8.0,AU,1540652400,93.0,-31.43,152.91,60.8,6.93
405,vardo,90.0,US,1540653300,87.0,39.62,-77.74,48.2,11.41
406,candolim,0.0,IN,1540655529,86.0,15.52,73.76,84.14,9.8
407,mount isa,88.0,AU,1540654200,22.0,-20.73,139.49,91.4,13.87
408,mount gambier,12.0,AU,1540655168,92.0,-37.83,140.78,45.44,3.2
409,sinop,0.0,TR,1540655275,95.0,42.03,35.15,64.2,4.99
410,tomatlan,0.0,MX,1540655530,78.0,19.93,-105.25,75.32,3.31
411,kokopo,64.0,PG,1540655530,100.0,-4.34,152.27,77.88,2.08
412,belmonte,0.0,PT,1540655530,69.0,40.36,-7.35,51.06,14.83
413,hargeysa,0.0,SO,1540655239,62.0,9.56,44.06,70.77,6.89
414,deputatskiy,88.0,RU,1540655355,79.0,69.3,139.9,0.66,3.09
415,ouadda,24.0,CF,1540655531,85.0,8.07,22.4,79.64,7.23
416,changji,0.0,CN,1540655531,64.0,32.07,116.17,46.52,5.21
417,kolondieba,24.0,ML,1540655531,49.0,11.09,-6.89,94.08,7.23
418,kharitonovo,92.0,RU,1540655531,82.0,61.4,47.5,33.87,14.72
419,sembakung,56.0,ID,1540655532,98.0,3.82,117.25,75.09,3.31
420,kindu,24.0,CD,1540655532,82.0,-2.95,25.92,81.21,2.75
421,saint-francois,90.0,FR,1540654200,81.0,46.42,3.91,44.6,4.7
422,lisala,36.0,CD,1540655532,99.0,2.15,21.52,75.77,2.42
423,fairbanks,90.0,US,1540654260,100.0,64.84,-147.72,30.2,4.7
424,muddebihal,0.0,IN,1540655533,41.0,16.33,76.13,74.91,7.23
425,wuwei,8.0,CN,1540655317,70.0,37.93,102.64,24.29,4.09
426,abashiri,0.0,JP,1540655533,84.0,44.01,144.25,47.24,7.23
427,san quintin,20.0,PH,1540652400,78.0,17.54,120.52,78.8,9.17
428,prescott,1.0,US,1540651980,57.0,34.54,-112.47,46.4,3.36
429,praia da vitoria,75.0,PT,1540652400,68.0,38.73,-27.07,66.2,21.77
430,porto murtinho,8.0,BR,1540655534,92.0,-21.7,-57.88,79.05,10.25
431,qaanaaq,0.0,GL,1540655276,100.0,77.48,-69.36,-5.91,10.02
432,maputo,0.0,MZ,1540655245,33.0,-25.97,32.57,83.01,10.02
433,pampierstad,0.0,ZA,1540655535,15.0,-27.78,24.69,91.16,4.76
434,teguldet,0.0,RU,1540655535,63.0,57.31,88.17,40.22,7.45
435,miguel hidalgo,90.0,MX,1540652160,93.0,19.41,-99.19,68.0,8.05
436,mnogovershinnyy,88.0,RU,1540655535,91.0,53.94,139.92,40.8,12.26
437,port hawkesbury,1.0,CA,1540652400,38.0,45.62,-61.36,39.2,6.93
438,jacareacanga,12.0,BR,1540655536,75.0,-6.22,-57.76,86.84,2.98
439,nelson bay,24.0,AU,1540654200,82.0,-32.72,152.14,66.2,14.99
440,half moon bay,75.0,US,1540654620,100.0,37.46,-122.43,55.4,6.78
441,patos de minas,0.0,BR,1540655537,77.0,-18.6,-46.51,83.37,11.7
442,vrangel,12.0,RU,1540655537,100.0,42.73,133.08,46.07,24.11
443,mullovka,20.0,RU,1540652400,69.0,54.22,49.39,37.4,8.95
444,henties bay,0.0,NA,1540655537,57.0,-22.12,14.28,80.76,12.03
445,lianzhou,0.0,CN,1540655538,87.0,24.79,112.38,52.82,1.86
446,goderich,92.0,CA,1540655228,100.0,43.74,-81.71,41.57,16.96
447,zadonsk,75.0,RU,1540652400,77.0,52.39,38.93,41.0,6.71
448,port hardy,20.0,CA,1540652400,93.0,50.7,-127.42,44.6,5.82
449,ayan,0.0,TR,1540655394,75.0,40.67,33.6,40.44,2.3
450,eydhafushi,92.0,MV,1540655539,100.0,5.1,73.07,78.69,2.19
451,curup,44.0,ID,1540655539,97.0,-3.47,102.53,70.32,1.19
452,catalina,40.0,CO,1540652400,70.0,8.86,-75.38,89.6,4.43
453,alta floresta,75.0,BR,1540652400,70.0,-9.87,-56.08,87.8,3.36
454,ambatolampy,75.0,MG,1540652400,82.0,-19.39,47.43,64.4,9.17
455,rezina,36.0,MD,1540655540,55.0,47.75,28.95,60.6,11.25
456,mana,0.0,RS,1540654200,43.0,43.52,20.24,71.6,5.82
457,trat,32.0,TH,1540655541,100.0,12.25,102.51,83.01,5.66
458,belaya gora,88.0,RU,1540655541,85.0,68.54,146.19,5.25,9.35
459,beringovskiy,92.0,RU,1540655541,100.0,63.05,179.32,20.55,5.99
460,impfondo,32.0,CD,1540655541,70.0,1.62,18.06,86.34,2.86
461,cabo san lucas,5.0,MX,1540651200,69.0,22.89,-109.91,73.4,3.76
462,ponta delgada,20.0,PT,1540654200,56.0,37.73,-25.67,68.0,21.92
463,koregaon,12.0,IN,1540655542,33.0,17.7,74.16,76.71,7.34
464,sinegorye,24.0,RU,1540655542,82.0,62.09,150.53,19.2,2.42
465,fallon,90.0,US,1540652160,81.0,46.84,-105.12,50.0,12.75
466,compiegne,75.0,FR,1540654200,61.0,49.42,2.83,48.2,6.93
467,zalantun,64.0,CN,1540655543,58.0,48.0,122.72,28.74,8.01
468,gravdal,20.0,NO,1540653600,52.0,59.79,5.78,42.8,12.75
469,moindou,0.0,NC,1540654200,88.0,-21.69,165.68,64.4,1.12
470,maloy,48.0,ID,1540655544,94.0,1.0,118.1,75.99,1.74
471,coihaique,40.0,CL,1540652400,55.0,-45.58,-72.07,60.8,8.05
472,shingu,0.0,JP,1540655289,100.0,33.72,135.99,62.4,12.82
473,ciechanow,88.0,PL,1540655544,64.0,52.88,20.62,47.69,16.62
474,njombe,76.0,TZ,1540655545,41.0,-9.34,34.77,78.74,10.8
475,inhambane,0.0,MZ,1540655354,74.0,-23.87,35.38,76.71,12.03
476,dhanwar,0.0,IN,1540655545,75.0,24.42,85.98,67.26,1.86
477,sukumo,80.0,JP,1540655545,78.0,32.94,132.72,60.56,11.25
478,chau doc,80.0,VN,1540655545,100.0,10.71,105.12,75.14,2.42
479,woodward,1.0,US,1540653300,58.0,36.43,-99.39,55.4,9.17
480,jining,0.0,CN,1540655307,47.0,35.41,116.58,46.47,9.46
481,raduzhnyy,92.0,RU,1540655426,95.0,62.1,77.47,44.27,15.05
482,vila franca do campo,20.0,PT,1540654200,56.0,37.72,-25.43,68.0,21.92
483,batagay-alyta,24.0,RU,1540655546,53.0,67.8,130.41,-11.76,2.98
484,pochutla,75.0,MX,1540651260,74.0,15.74,-96.47,82.4,2.42
485,tocopilla,44.0,CL,1540655547,96.0,-22.09,-70.2,63.89,5.21
486,nizhniy kuranakh,48.0,RU,1540655547,80.0,58.84,125.49,14.12,4.99
487,alice springs,75.0,AU,1540654200,88.0,-23.7,133.88,66.2,4.7
488,kuytun,8.0,RU,1540655548,81.0,54.34,101.51,27.21,2.98
489,tual,88.0,ID,1540655548,100.0,-5.67,132.75,82.2,8.68
490,chuy,24.0,UY,1540655260,92.0,-33.69,-53.46,66.32,18.75
491,north guwahati,40.0,IN,1540656000,88.0,26.2,91.72,77.0,3.31
492,batagay,88.0,RU,1540655549,84.0,67.65,134.64,2.87,3.09
493,coari,44.0,BR,1540655549,99.0,-4.09,-63.14,77.57,7.0
494,kununurra,92.0,AU,1540654200,51.0,-15.77,128.74,84.2,3.36
495,northam,40.0,GB,1540653600,75.0,51.04,-4.21,44.6,18.34
496,verkh-usugli,12.0,RU,1540655549,45.0,52.7,115.17,23.07,8.23
497,izumo,75.0,JP,1540652400,71.0,35.37,132.75,55.4,6.93
498,znamenskoye,100.0,RU,1540655550,91.0,57.13,73.82,49.8,12.48
499,saint-pierre,40.0,FR,1540654200,65.0,48.95,4.24,46.4,5.82
500,porto-vecchio,0.0,FR,1540654200,60.0,41.59,9.28,75.2,3.36
501,pagudpud,20.0,PH,1540652400,78.0,18.56,120.79,78.8,9.17
502,xining,36.0,CN,1540655344,80.0,36.62,101.77,25.5,3.42
503,panguna,32.0,PG,1540655551,90.0,-6.32,155.48,74.46,2.08
504,mezen,48.0,RU,1540655339,76.0,65.85,44.24,31.49,7.9
505,touros,0.0,BR,1540655551,61.0,-5.2,-35.46,86.84,14.72
506,hasaki,40.0,JP,1540652400,82.0,35.73,140.83,60.8,9.17
507,gambela,12.0,ET,1540655393,58.0,8.25,34.59,78.29,1.97
508,ponnani,40.0,IN,1540654200,83.0,10.77,75.93,80.6,3.36
509,maua,92.0,KE,1540655552,72.0,0.23,37.94,69.11,5.55
510,rabat,75.0,MA,1540654200,68.0,34.02,-6.83,69.8,9.17
511,rognan,0.0,NO,1540653600,80.0,67.1,15.4,30.2,8.05
512,nago,75.0,IT,1540653600,93.0,45.88,10.89,60.8,8.05
513,ishinomaki,0.0,JP,1540655552,100.0,38.42,141.3,60.33,15.17
514,pirna,75.0,DE,1540653600,61.0,50.96,13.94,46.4,5.82
515,binga,12.0,ZW,1540655553,34.0,-17.62,27.34,89.09,4.65
516,mehamn,80.0,NO,1540655553,80.0,71.03,27.85,31.04,13.27
517,zhigansk,76.0,RU,1540655322,89.0,66.77,123.37,16.05,7.34
518,manakara,48.0,MG,1540655554,87.0,-22.14,48.01,73.11,11.36
519,kavaratti,0.0,IN,1540655259,99.0,10.57,72.64,86.25,7.11
520,constantine,75.0,DZ,1540654200,40.0,36.36,6.61,68.0,2.24
521,mildura,24.0,AU,1540655341,64.0,-34.18,142.16,59.57,8.01
522,maxixe,0.0,MZ,1540655552,74.0,-23.86,35.35,76.71,12.03
523,sao raimundo das mangabeiras,8.0,BR,1540655555,41.0,-7.02,-45.48,97.68,5.32
524,cahir,40.0,IE,1540654200,56.0,52.37,-7.93,42.8,21.92
525,hamamatsu,0.0,JP,1540655555,83.0,34.71,137.73,55.34,13.94
526,bath,88.0,GB,1540653900,100.0,51.38,-2.36,42.8,17.22
527,chaman,0.0,AF,1540655556,53.0,30.92,66.46,53.04,2.42
528,hochstadt,20.0,DE,1540653600,57.0,50.15,8.83,48.2,3.36
529,makakilo city,75.0,US,1540653360,94.0,21.35,-158.09,78.8,10.25
530,kayes,20.0,ML,1540655556,60.0,14.44,-11.44,93.41,5.1
531,birin,0.0,SY,1540655557,79.0,35.01,36.67,51.6,3.65
532,murray bridge,68.0,AU,1540655557,100.0,-35.12,139.28,54.39,7.23
533,santa barbara,90.0,US,1540654500,100.0,34.42,-119.7,57.2,3.36
534,magadi,20.0,IN,1540654200,64.0,12.96,77.22,73.4,4.7
535,huarmey,68.0,PE,1540655558,67.0,-10.07,-78.15,67.67,3.98
536,linhares,0.0,BR,1540655558,77.0,-19.38,-40.06,86.07,15.5
537,kudahuvadhoo,76.0,MV,1540655558,100.0,2.67,72.89,81.3,9.01
538,asyut,0.0,EG,1540652400,36.0,27.18,31.19,78.8,13.87
539,owase,0.0,JP,1540655559,100.0,34.07,136.2,47.46,5.21
540,mobaye,0.0,CF,1540655559,68.0,4.33,21.18,86.12,3.31
541,hambantota,48.0,LK,1540655559,100.0,6.12,81.12,79.32,6.22
542,broome,75.0,GB,1540653960,87.0,52.47,1.45,44.6,3.36
543,arman,90.0,RU,1540652400,100.0,59.7,150.17,39.2,4.47
544,kralendijk,75.0,BQ,1540652100,70.0,12.15,-68.27,86.0,17.22
545,tulsipur,0.0,IN,1540655560,68.0,27.53,82.41,69.56,6.33
546,yangjiang,0.0,CN,1540655560,100.0,21.85,111.96,74.96,18.52
547,springdale,1.0,US,1540652280,82.0,36.19,-94.13,59.0,4.7
548,qaqortoq,90.0,GL,1540653000,80.0,60.72,-46.03,39.2,16.11
549,gao,0.0,ML,1540655561,13.0,16.28,-0.04,98.36,6.67
550,flin flon,90.0,CA,1540652400,100.0,54.77,-101.88,30.2,5.82
551,axim,0.0,GH,1540655561,100.0,4.87,-2.24,81.57,10.69
552,palembang,76.0,ID,1540655561,97.0,-2.99,104.76,74.91,2.19
553,bayanday,20.0,RU,1540655561,67.0,53.07,105.52,33.74,7.0
554,srednekolymsk,88.0,RU,1540655561,85.0,67.46,153.71,9.26,5.77
555,lekoni,24.0,GA,1540655562,88.0,-1.58,14.26,81.57,4.43
556,walvis bay,0.0,NA,1540655562,77.0,-22.95,14.51,72.3,11.48
557,aklavik,90.0,CA,1540653840,92.0,68.22,-135.01,24.8,9.17
558,vierzon,0.0,FR,1540654200,63.0,47.22,2.07,50.0,5.82
